firebase_id,prolific_id,condition_name,visualization_condition,prompt_order,s2_prompt_type,pre_predictability,pre_negative_predictability,pre_trust,final_predictability_post,final_negative_predictability_post,final_trust_post,shift_predictability,shift_neg_predictability,shift_trust,final_viz_helpfulness,final_viz_anticipation,final_viz_prediction,final_viz_referenced,final_viz_confidence,final_viz_frequency,final_viz_comprehension,final_drift_panel_helpful,final_ueq_obstructive_supportive,final_ueq_complicated_easy,final_ueq_inefficient_efficient,final_ueq_confusing_clear,final_ueq_boring_exciting,final_ueq_not_interesting_interesting,final_ueq_conventional_inventive,final_ueq_usual_leading_edge,ueq_pragmatic,ueq_hedonic,ueq_overall
1oHWwGGSCfRytaqXg6cD5GY6ZOq1,6637b21240220c2517fffa1a,multi_turn,2,asst_first,ROLEPLY,3,3,4,5.0,3.0,5.0,2.0,0.0,1.0,7.0,5.0,6.0,7.0,7.0,7.0,7.0,5.0,7.0,3.0,5.0,4.0,6.0,7.0,7.0,7.0,4.75,6.75,5.75
2AUwJGzTvqRj926cv32S2ZcH2eB3,672c7f537c4a19882d6f9e15,multi_turn,2,asst_first,ROLEPLY,6,5,5,6.0,7.0,5.0,0.0,2.0,0.0,6.0,5.0,6.0,5.0,5.0,6.0,6.0,4.0,7.0,6.0,7.0,7.0,6.0,7.0,6.0,6.0,6.75,6.25,6.5
5FXvkePciJNqG4cXzz4xjlbmZ5s1,69a6e19366f31b3e3460f2b7,single_turn,1,roleply_first,ASST,5,5,4,2.0,4.0,4.0,-3.0,-1.0,0.0,1.0,2.0,2.0,2.0,1.0,2.0,2.0,,2.0,1.0,2.0,2.0,3.0,1.0,4.0,4.0,1.75,3.0,2.375
5p1F8BaXN2apKUQmXLb4qh1l3Yx2,66f0409cf2658a66284b3b2d,single_turn,1,roleply_first,ASST,2,2,5,4.0,3.0,3.0,2.0,1.0,-2.0,4.0,5.0,5.0,7.0,5.0,7.0,5.0,,5.0,7.0,6.0,7.0,5.0,5.0,4.0,4.0,6.25,4.5,5.375
8ATdWJSkcNP06Fcjg6q4hJ2ahp32,67e5ebfad8af26b1bb60e460,control,0,roleply_first,ASST,5,5,5,4.0,4.0,5.0,-1.0,-1.0,0.0,,,,,,,,,,,,,,,,,,,
CCLqmwePkwbEUItbXHRa6SNyPtH3,670e8b28f1a48a783a00c341,single_turn,1,asst_first,ROLEPLY,4,5,5,4.0,1.0,7.0,0.0,-4.0,2.0,6.0,6.0,6.0,5.0,4.0,1.0,5.0,,6.0,7.0,7.0,7.0,7.0,7.0,5.0,5.0,6.75,6.0,6.375
JGyenRHWRfc2jxpHle1ZnjUigVs2,650b03136ab3d4c832d98b71,multi_turn,2,asst_first,ROLEPLY,3,3,4,3.0,3.0,4.0,0.0,0.0,0.0,5.0,4.0,4.0,4.0,4.0,3.0,5.0,4.0,5.0,3.0,4.0,3.0,5.0,6.0,6.0,6.0,3.75,5.75,4.75
KI06r2JLt0ZZBJ7f3EYKjjmBFQT2,67722aa65639cba87301c81c,single_turn,1,roleply_first,ASST,5,4,5,6.0,3.0,4.0,1.0,-1.0,-1.0,5.0,7.0,5.0,4.0,4.0,5.0,7.0,,6.0,6.0,7.0,7.0,5.0,6.0,5.0,4.0,6.5,5.0,5.75
OFprCSB53qM33eS8GDEVVM5vMbr1,69811d9451120edfa666951d,single_turn,1,asst_first,ROLEPLY,4,4,5,3.0,3.0,5.0,-1.0,-1.0,0.0,3.0,3.0,5.0,5.0,3.0,5.0,3.0,,3.0,3.0,3.0,3.0,5.0,6.0,5.0,5.0,3.0,5.25,4.125
Rn4il8g2d3a9ErECdAhAnf97ejo1,5c346116a490d30001f0f21d,single_turn,1,asst_first,ROLEPLY,3,3,5,5.0,4.0,5.0,2.0,1.0,0.0,4.0,5.0,5.0,7.0,4.0,7.0,5.0,,4.0,3.0,4.0,3.0,4.0,4.0,4.0,4.0,3.5,4.0,3.75
bOATjZdzzKPNA0rv8SHz8uZ47vE3,66294177a2d171c3a831f21a,multi_turn,2,asst_first,ROLEPLY,4,4,2,5.0,1.0,2.0,1.0,-3.0,0.0,1.0,1.0,1.0,4.0,1.0,6.0,4.0,7.0,1.0,1.0,1.0,1.0,4.0,1.0,4.0,4.0,1.0,3.25,2.125
bYAvBCyegSQYaXADdsbIi5HZZUW2,67104c7deff954cb22438402,single_turn,1,roleply_first,ASST,4,4,5,5.0,4.0,5.0,1.0,0.0,0.0,5.0,2.0,3.0,6.0,3.0,4.0,4.0,,4.0,3.0,4.0,4.0,4.0,2.0,3.0,4.0,3.75,3.25,3.5
bomgMSyOqtcI5Y0NMmSfjNLHZiF3,69a792fc2d35ed68237867c3,single_turn,1,asst_first,ROLEPLY,6,5,2,5.0,2.0,2.0,-1.0,-3.0,0.0,2.0,2.0,1.0,1.0,1.0,1.0,3.0,,3.0,2.0,2.0,3.0,2.0,3.0,5.0,5.0,2.5,3.75,3.125
c6fJGXTGHjWWMZqbr9Kb8BOhQcH2,5e74f18520ab35040b41d526,multi_turn,2,asst_first,ROLEPLY,4,4,5,3.0,5.0,6.0,-1.0,1.0,1.0,5.0,6.0,5.0,5.0,3.0,5.0,6.0,5.0,5.0,2.0,3.0,2.0,4.0,6.0,6.0,6.0,3.0,5.5,4.25
k3xrZUfDDgf9ck6IlM8W7SNNkLu1,699ec098d5e833b119bb99dc,control,0,roleply_first,ASST,6,6,6,7.0,7.0,6.0,1.0,1.0,0.0,,,,,,,,,,,,,,,,,,,
kjAnmuh87VMBgEmIGq8CoJttafp2,69600c536076cb24b0e69aa7,multi_turn,2,roleply_first,ASST,4,3,5,6.0,5.0,5.0,2.0,2.0,0.0,5.0,4.0,5.0,4.0,3.0,1.0,5.0,4.0,5.0,3.0,6.0,4.0,3.0,6.0,4.0,5.0,4.5,4.5,4.5
mFiOfBvOAQbzrtSNGnw4WPgaWWt2,6993e83416945f6b2e3c9818,control,0,asst_first,ROLEPLY,5,5,4,5.0,5.0,4.0,0.0,0.0,0.0,,,,,,,,,,,,,,,,,,,
mNvqm30JewMJQl8ESowRSvKCCK43,65b92135e296f28cb1a093c3,single_turn,1,roleply_first,ASST,4,4,4,3.0,1.0,3.0,-1.0,-3.0,-1.0,5.0,3.0,3.0,1.0,1.0,1.0,5.0,,7.0,7.0,7.0,7.0,4.0,6.0,6.0,6.0,7.0,5.5,6.25
pB7KPQ7uMeWogviTjJJaBu3gaTx2,60b5d56cc4d0a037b4533af6,multi_turn,2,asst_first,ROLEPLY,3,3,5,7.0,6.0,6.0,4.0,3.0,1.0,6.0,6.0,6.0,6.0,3.0,2.0,6.0,6.0,3.0,3.0,3.0,3.0,3.0,3.0,3.0,3.0,3.0,3.0,3.0
vWvpDIrdNwToj9eFdnQoaecd1TG2,5ea9fd35de1f1015aea1117a,single_turn,1,roleply_first,ASST,2,2,6,2.0,4.0,4.0,0.0,2.0,-2.0,5.0,5.0,5.0,4.0,3.0,4.0,6.0,,6.0,6.0,6.0,6.0,5.0,5.0,5.0,4.0,6.0,4.75,5.375
voKKw5cOS2YYas5jMLDBLJO99mm2,582afed4ce3a0e00010b3245,multi_turn,2,roleply_first,ASST,5,4,2,6.0,5.0,6.0,1.0,1.0,4.0,6.0,4.0,2.0,6.0,1.0,6.0,3.0,2.0,4.0,1.0,4.0,1.0,5.0,4.0,7.0,5.0,2.5,5.25,3.875
yNaOLeYoiMOvRlYB2N0mLRBP3Kw1,6980ff480783a55ae76c8bdb,control,0,roleply_first,ASST,4,3,2,3.0,1.0,3.0,-1.0,-2.0,1.0,,,,,,,,,,,,,,,,,,,
ye65Jqo9bURrD8XmAjbhyXUnIt42,69a8fc1564f555e616c39ff2,single_turn,1,asst_first,ROLEPLY,4,4,1,2.0,4.0,1.0,-2.0,0.0,0.0,2.0,2.0,2.0,1.0,4.0,1.0,2.0,,4.0,6.0,2.0,6.0,7.0,7.0,4.0,4.0,4.5,5.5,5.0
1C4vqo3MNqelQDcHv83prCMumpl2,67d440ccf6f3293d71c32e4d,single_turn,1,asst_first,ROLEPLY,5,5,5,5.0,5.0,4.0,0.0,0.0,-1.0,6.0,5.0,5.0,5.0,6.0,4.0,6.0,,5.0,5.0,6.0,5.0,4.0,5.0,6.0,6.0,5.25,5.25,5.25
2PVv97XDABR6F7OS9ic5GmIoimg2,6448503fab8d495eb76b51b0,control,0,roleply_first,ASST,3,3,2,6.0,3.0,4.0,3.0,0.0,2.0,,,,,,,,,,,,,,,,,,,
3cQWBLBmhVbHDYCyCyNfcra1PR72,5e76d2652d882b2481d65066,single_turn,1,roleply_first,ASST,3,2,5,5.0,4.0,5.0,2.0,2.0,0.0,6.0,6.0,2.0,2.0,3.0,2.0,5.0,,3.0,2.0,4.0,5.0,4.0,5.0,6.0,5.0,3.5,5.0,4.25
3fRUujbNiLTHM37LRiecfNYe5Jj2,69b9a9800190f414ab589c05,multi_turn,2,asst_first,ROLEPLY,6,6,4,2.0,6.0,5.0,-4.0,0.0,1.0,7.0,4.0,6.0,7.0,7.0,7.0,6.0,7.0,6.0,6.0,6.0,6.0,7.0,7.0,7.0,7.0,6.0,7.0,6.5
4jwSoCmafYUpZ8N8w796JCW88Gt1,66e9977b1c4319605e488650,single_turn,1,roleply_first,ASST,5,5,4,1.0,3.0,1.0,-4.0,-2.0,-3.0,1.0,2.0,1.0,3.0,3.0,2.0,2.0,,1.0,2.0,2.0,3.0,4.0,4.0,4.0,4.0,2.0,4.0,3.0
4zofURNacbYb7ET6OVREeHt1SS43,63233b6cfc33c42fb00e3d9b,single_turn,1,asst_first,ROLEPLY,7,7,7,5.0,7.0,7.0,-2.0,0.0,0.0,5.0,6.0,5.0,1.0,1.0,1.0,5.0,,1.0,7.0,2.0,7.0,5.0,6.0,6.0,6.0,4.25,5.75,5.0
4zr0GUG1SjOWmsoJzX0f4RgG7dr2,606cf604adbb6982bb382881,control,0,asst_first,ROLEPLY,3,3,5,7.0,5.0,6.0,4.0,2.0,1.0,,,,,,,,,,,,,,,,,,,
5GCIa2mPNXO2jxHrDbWGiaQLEKt2,6978b16217b05571dd3dd0fd,multi_turn,2,asst_first,ROLEPLY,6,6,6,5.0,4.0,4.0,-1.0,-2.0,-2.0,5.0,5.0,4.0,4.0,5.0,3.0,5.0,4.0,5.0,5.0,5.0,5.0,4.0,5.0,6.0,6.0,5.0,5.25,5.125
5sD7JPEHv5cqEGq5tQ7peEBa00S2,5589cd58fdf99b18be3203af,single_turn,1,roleply_first,ASST,3,4,2,6.0,5.0,2.0,3.0,1.0,0.0,6.0,7.0,6.0,3.0,4.0,2.0,5.0,,6.0,3.0,6.0,3.0,5.0,7.0,6.0,6.0,4.5,6.0,5.25
6eJ7Pb9xtoYhhYyFHOPISlZ3Vw93,63ff7cba3c3e7de3962b2523,single_turn,1,roleply_first,ASST,2,2,2,2.0,2.0,2.0,0.0,0.0,0.0,3.0,2.0,2.0,3.0,2.0,3.0,3.0,,4.0,5.0,6.0,5.0,4.0,3.0,4.0,3.0,5.0,3.5,4.25
6ozhnjHrFpVHzZYUH5XC98KyTOm1,67628abfa461bc8ff539c320,control,0,asst_first,ROLEPLY,5,5,4,4.0,5.0,5.0,-1.0,0.0,1.0,,,,,,,,,,,,,,,,,,,
6rmX05f9PaZkwNPA0IqlFiXEiGo2,69a1846c72d172cbbe1ad72b,multi_turn,2,asst_first,ROLEPLY,5,4,6,7.0,6.0,6.0,2.0,2.0,0.0,6.0,7.0,7.0,7.0,7.0,7.0,7.0,7.0,7.0,7.0,7.0,7.0,7.0,7.0,7.0,6.0,7.0,6.75,6.875
8IiniyEBIjSb7Xdl1zu7poxUYcA3,69ae3c7a66fc87cf275e5482,multi_turn,2,asst_first,ROLEPLY,3,3,3,3.0,3.0,3.0,0.0,0.0,0.0,5.0,3.0,4.0,3.0,3.0,3.0,2.0,3.0,4.0,2.0,2.0,2.0,4.0,4.0,4.0,4.0,2.5,4.0,3.25
9SlKzTOjC7YGzT4avAMEBpa5AB02,695fb64b8c46822860f62577,control,0,asst_first,ROLEPLY,5,5,1,2.0,2.0,1.0,-3.0,-3.0,0.0,,,,,,,,,,,,,,,,,,,
9hOc1UEXScM46cbjpJNkiHYLWEv1,697d285d74e53fc6c291d19a,control,0,asst_first,ROLEPLY,3,3,4,3.0,2.0,3.0,0.0,-1.0,-1.0,,,,,,,,,,,,,,,,,,,
Ddv9jKcy2nVfq0PMi2Zw01C7tQ42,63cc90d2bed7edb18c3fd155,multi_turn,2,asst_first,ROLEPLY,4,4,5,5.0,4.0,5.0,1.0,0.0,0.0,4.0,5.0,5.0,6.0,5.0,6.0,5.0,4.0,3.0,4.0,4.0,5.0,4.0,6.0,5.0,4.0,4.0,4.75,4.375
EfotcXWn3wesDuwN6IicM18elAU2,695bf5c4717dfd34f8e38745,multi_turn,2,asst_first,ROLEPLY,6,6,5,3.0,3.0,5.0,-3.0,-3.0,0.0,6.0,4.0,4.0,5.0,5.0,5.0,4.0,5.0,6.0,7.0,7.0,7.0,6.0,7.0,7.0,7.0,6.75,6.75,6.75
EyQzutP8VtTr2qpR6k8veOsY0rf2,62fba37f3560a85b4eb94aac,single_turn,1,asst_first,ROLEPLY,4,5,3,4.0,2.0,3.0,0.0,-3.0,0.0,7.0,5.0,4.0,5.0,6.0,4.0,6.0,,6.0,3.0,7.0,7.0,4.0,7.0,6.0,6.0,5.75,5.75,5.75
FpQwrreSh1WLkQI2CmQGJwKcjgC3,69bff805b09c402000e9e598,multi_turn,2,asst_first,ROLEPLY,6,6,1,5.0,6.0,1.0,-1.0,0.0,0.0,7.0,2.0,2.0,5.0,2.0,5.0,4.0,5.0,3.0,5.0,2.0,4.0,2.0,2.0,2.0,3.0,3.5,2.25,2.875
Gj8xVAZyc7cF5IZ2PKtf2RDzc603,66fceda149718a86f36761b4,single_turn,1,asst_first,ROLEPLY,5,4,6,5.0,5.0,6.0,0.0,1.0,0.0,6.0,5.0,5.0,6.0,6.0,6.0,6.0,,6.0,6.0,6.0,6.0,6.0,6.0,6.0,6.0,6.0,6.0,6.0
GywK2F39sZUQhsrNYSDMJ9Z637o2,69601c5669915b29e2ee7c00,multi_turn,2,roleply_first,ASST,5,6,3,7.0,6.0,3.0,2.0,0.0,0.0,7.0,7.0,7.0,7.0,7.0,7.0,7.0,7.0,7.0,7.0,7.0,7.0,7.0,6.0,6.0,7.0,7.0,6.5,6.75
HVjSSNeWwrc7mcdD66i48Nkk6CQ2,69bb5d0e58b8b38af6ea30eb,multi_turn,2,roleply_first,ASST,3,3,3,2.0,2.0,2.0,-1.0,-1.0,-1.0,6.0,6.0,6.0,4.0,4.0,4.0,4.0,6.0,5.0,4.0,6.0,6.0,5.0,6.0,6.0,6.0,5.25,5.75,5.5
HqqroAzoioh7pp3jo9WvNNwvtlt2,66999b706aa1ff4d31fa559a,control,0,asst_first,ROLEPLY,4,4,5,4.0,5.0,5.0,0.0,1.0,0.0,,,,,,,,,,,,,,,,,,,
IeeIVDaEZYbPzkR4oMDwpKZQKtx1,67e70a61f963fecfc78db7ab,single_turn,1,roleply_first,ASST,3,3,3,5.0,5.0,4.0,2.0,2.0,1.0,5.0,5.0,5.0,3.0,5.0,3.0,5.0,,6.0,5.0,5.0,5.0,5.0,5.0,3.0,3.0,5.25,4.0,4.625
KC3P2ixnHtUuafxtyfPI78E5EXv1,6998f995e8c98005554cee72,multi_turn,2,asst_first,ROLEPLY,4,4,3,3.0,2.0,2.0,-1.0,-2.0,-1.0,4.0,4.0,4.0,5.0,4.0,5.0,5.0,5.0,6.0,6.0,6.0,6.0,5.0,6.0,6.0,6.0,6.0,5.75,5.875
KP6aXH1e38dOsWPJFbctyuXD0zs2,59c0782e5364260001dc4740,multi_turn,2,roleply_first,ASST,4,4,4,5.0,5.0,6.0,1.0,1.0,2.0,6.0,5.0,5.0,5.0,5.0,7.0,5.0,7.0,4.0,4.0,7.0,5.0,4.0,7.0,4.0,6.0,5.0,5.25,5.125
LsHViwLDhYZqPXclEcCXLSREbyF2,6933a234773555df88857a03,multi_turn,2,roleply_first,ASST,4,5,5,5.0,3.0,5.0,1.0,-2.0,0.0,1.0,1.0,1.0,3.0,1.0,2.0,1.0,1.0,7.0,7.0,7.0,5.0,6.0,6.0,5.0,2.0,6.5,4.75,5.625
LsuxJf7jgfW2FYBfK442X9dMDdc2,69c55b66d8ade7f9bd6109d6,control,0,asst_first,ROLEPLY,5,6,6,6.0,5.0,5.0,1.0,-1.0,-1.0,,,,,,,,,,,,,,,,,,,
M0k11z2CKedglqeY09tfoVF0w5l1,676f674b28634d645fe4ab35,multi_turn,2,asst_first,ROLEPLY,5,4,4,5.0,5.0,4.0,0.0,1.0,0.0,6.0,7.0,7.0,7.0,7.0,7.0,7.0,7.0,7.0,7.0,7.0,7.0,6.0,7.0,7.0,6.0,7.0,6.5,6.75
M1jeAu0Se5OZu3AdYmQ6Wy02BoK2,69458f2aa5309848951f9026,multi_turn,2,asst_first,ROLEPLY,5,6,6,5.0,3.0,4.0,0.0,-3.0,-2.0,5.0,5.0,5.0,5.0,5.0,5.0,5.0,5.0,5.0,6.0,5.0,5.0,5.0,6.0,5.0,5.0,5.25,5.25,5.25
ME1pppCtXGSvk9imfI8lFN4UPoX2,675de3bd64119cef93edfc75,single_turn,1,roleply_first,ASST,5,6,5,5.0,3.0,5.0,0.0,-3.0,0.0,5.0,5.0,4.0,5.0,6.0,2.0,6.0,,5.0,6.0,6.0,6.0,5.0,5.0,4.0,4.0,5.75,4.5,5.125
MKPHVmwKyKMv55kJj5jEuhA4ef73,69bdd9c01353d737b5014313,control,0,asst_first,ROLEPLY,5,4,6,4.0,5.0,6.0,-1.0,1.0,0.0,,,,,,,,,,,,,,,,,,,
NISIrVZewjUVDL9RxeVO4wy3k053,695bce93d2a6e4a816e31ec8,single_turn,1,asst_first,ROLEPLY,4,6,5,4.0,5.0,5.0,0.0,-1.0,0.0,7.0,6.0,6.0,6.0,7.0,4.0,7.0,,7.0,7.0,6.0,6.0,4.0,5.0,5.0,2.0,6.5,4.0,5.25
PAzTaNDcxBdb1D8ZJaaTecs2Nyc2,6998804cdfd462a8fab9b10f,single_turn,1,asst_first,ROLEPLY,6,4,5,5.0,6.0,5.0,-1.0,2.0,0.0,6.0,7.0,6.0,6.0,6.0,6.0,7.0,,7.0,7.0,7.0,7.0,5.0,6.0,6.0,5.0,7.0,5.5,6.25
POwuS48YeIV8pjDgwuiqaDl8sN42,6977b954b3edb022aeb019c8,multi_turn,2,roleply_first,ASST,5,5,4,4.0,3.0,3.0,-1.0,-2.0,-1.0,4.0,4.0,4.0,5.0,5.0,4.0,3.0,3.0,5.0,5.0,6.0,4.0,5.0,4.0,6.0,7.0,5.0,5.5,5.25
PVwkhGYm09Y2vjR6ROncU6h6v2p2,5c291c9e1496350001cd4646,control,0,roleply_first,ASST,2,3,4,6.0,5.0,4.0,4.0,2.0,0.0,,,,,,,,,,,,,,,,,,,
PulvDgyrjrPvkKAm8NJyXEcOK0v2,69a273aa8ea44b93a7c318fa,control,0,roleply_first,ASST,6,6,6,6.0,6.0,6.0,0.0,0.0,0.0,,,,,,,,,,,,,,,,,,,
QkFPH8M9cPODPgIh5A3hTPl4Bow1,63474e67a5fd298c6103c409,single_turn,1,asst_first,ROLEPLY,5,4,5,5.0,4.0,5.0,0.0,0.0,0.0,6.0,4.0,5.0,4.0,5.0,2.0,4.0,,5.0,5.0,6.0,5.0,3.0,3.0,4.0,3.0,5.25,3.25,4.25
R1CuHAbiQJTvL52T22cXcmMTNjo2,6738bbb49b751f21694bb4af,multi_turn,2,roleply_first,ASST,5,6,3,5.0,5.0,3.0,0.0,-1.0,0.0,4.0,3.0,4.0,5.0,4.0,4.0,4.0,3.0,5.0,5.0,3.0,3.0,4.0,5.0,6.0,5.0,4.0,5.0,4.5
R2UCL5fF0rU0Z3VRne5SBPnOWRH2,69c58ffd18c4c49927581384,multi_turn,2,asst_first,ROLEPLY,5,6,5,4.0,3.0,6.0,-1.0,-3.0,1.0,6.0,5.0,6.0,6.0,6.0,6.0,5.0,6.0,7.0,7.0,7.0,7.0,7.0,7.0,7.0,7.0,7.0,7.0,7.0
RYEkjMTx3CMbFsznRIrVkJmVgd73,69ad70ad170abae499d1e32f,control,0,asst_first,ROLEPLY,5,5,4,4.0,2.0,5.0,-1.0,-3.0,1.0,,,,,,,,,,,,,,,,,,,
Rbkx1RPXo4Z4ygvUrm1zM76cQ9n1,69c6ca332d4fc794bae6059d,multi_turn,2,asst_first,ROLEPLY,5,2,1,1.0,1.0,1.0,-4.0,-1.0,0.0,6.0,5.0,5.0,5.0,6.0,6.0,6.0,3.0,5.0,7.0,6.0,6.0,6.0,6.0,7.0,5.0,6.0,6.0,6.0
Rgxht52N5eejJmXOMr1fI2RQ5Wn1,645906dc264ac9eb66b7f3ec,control,0,roleply_first,ASST,3,2,2,1.0,1.0,3.0,-2.0,-1.0,1.0,,,,,,,,,,,,,,,,,,,
SSHAfwqkePT8SikqI9jDen8dVpx1,5753046ba6deb50006d64b0f,single_turn,1,asst_first,ROLEPLY,4,4,5,4.0,4.0,5.0,0.0,0.0,0.0,5.0,5.0,5.0,4.0,5.0,4.0,6.0,,5.0,5.0,5.0,5.0,4.0,4.0,4.0,4.0,5.0,4.0,4.5
T9jicUDlUlciZUsWtllHpgpU2lJ2,673a37f0ad04c995c8322ca6,single_turn,1,roleply_first,ASST,2,2,5,3.0,4.0,6.0,1.0,2.0,1.0,4.0,4.0,4.0,2.0,3.0,4.0,5.0,,2.0,2.0,2.0,3.0,5.0,5.0,5.0,5.0,2.25,5.0,3.625
TH0VXXBnoASY2Zza4GqaKBGfmf42,69a26ca7254273cdad33b66e,control,0,asst_first,ROLEPLY,5,4,3,4.0,2.0,3.0,-1.0,-2.0,0.0,,,,,,,,,,,,,,,,,,,
TLQrYmAaVQMZoWLjOrVo0XWUSOp2,67171fa93cd108b6c2b59e4e,multi_turn,2,roleply_first,ASST,5,5,4,5.0,4.0,4.0,0.0,-1.0,0.0,6.0,5.0,5.0,5.0,6.0,5.0,6.0,5.0,6.0,5.0,6.0,6.0,5.0,6.0,6.0,5.0,5.75,5.5,5.625
Td9n0qlW2IO2i6yL9abVzHxyEuy2,67e1da8a432675c0e850e8d1,control,0,roleply_first,ASST,6,6,4,6.0,6.0,4.0,0.0,0.0,0.0,,,,,,,,,,,,,,,,,,,
ThFxXTsKI5eM8JQhLyrCIWpYrJY2,6744d14f9c134abbd6aea580,control,0,roleply_first,ASST,6,6,5,6.0,4.0,4.0,0.0,-2.0,-1.0,,,,,,,,,,,,,,,,,,,
VU2UUWm1wsO802PpDtulDZXxGtW2,69bc4a5a75e354d36da3b4df,control,0,asst_first,ROLEPLY,4,5,4,4.0,1.0,6.0,0.0,-4.0,2.0,,,,,,,,,,,,,,,,,,,
Vx6m0jK46ScyphmFEiJAtBmx1Ue2,63e5e4a0e6325fe0fabe8ee6,single_turn,1,roleply_first,ASST,5,6,2,3.0,2.0,1.0,-2.0,-4.0,-1.0,3.0,3.0,2.0,3.0,2.0,5.0,3.0,,3.0,2.0,3.0,3.0,2.0,2.0,5.0,5.0,2.75,3.5,3.125
XsCFdDYWLZaybw3YjUi781hvlbx2,695bddfb9e66423579686e83,single_turn,1,roleply_first,ASST,2,2,4,2.0,2.0,5.0,0.0,0.0,1.0,1.0,2.0,2.0,3.0,2.0,3.0,4.0,,4.0,3.0,1.0,1.0,4.0,4.0,4.0,4.0,2.25,4.0,3.125
YWAEaICBzsghx1wsNxSWGVSvEOC2,69b0ce357d4709c2de1b703b,control,0,asst_first,ROLEPLY,7,7,4,7.0,7.0,7.0,0.0,0.0,3.0,,,,,,,,,,,,,,,,,,,
YpB2zoHObdbv8T8PokU35nOHUWi2,5591cd21fdf99b63126f6c60,multi_turn,2,roleply_first,ASST,3,3,5,5.0,4.0,5.0,2.0,1.0,0.0,7.0,7.0,7.0,7.0,6.0,3.0,7.0,7.0,5.0,7.0,7.0,6.0,4.0,4.0,2.0,3.0,6.25,3.25,4.75
avwCp1Wx0aMvroHhDotMR0ZQfe52,69c7ade94acd3f067e172288,single_turn,1,asst_first,ROLEPLY,5,2,1,5.0,2.0,1.0,0.0,0.0,0.0,2.0,4.0,4.0,2.0,2.0,2.0,7.0,,4.0,7.0,4.0,6.0,2.0,2.0,2.0,3.0,5.25,2.25,3.75
bRo90HfmM3hCd7ImO8fyB8SiyBl2,69c158f8756cd97d5fd5d6f1,single_turn,1,roleply_first,ASST,3,3,3,6.0,2.0,4.0,3.0,-1.0,1.0,5.0,5.0,5.0,7.0,5.0,7.0,5.0,,6.0,5.0,5.0,3.0,4.0,6.0,5.0,5.0,4.75,5.0,4.875
cciF0Ig7sGNVrASjz0iErhZAIbb2,67f02740d233a50f479c4e20,single_turn,1,asst_first,ROLEPLY,5,5,5,5.0,5.0,5.0,0.0,0.0,0.0,6.0,6.0,5.0,5.0,6.0,5.0,5.0,,6.0,6.0,6.0,6.0,6.0,6.0,6.0,5.0,6.0,5.75,5.875
dKjm3bK5hbSDSpqsT6Z1Efqx8cg2,69ac64972d9075c9d1d00989,multi_turn,2,roleply_first,ASST,6,6,6,6.0,6.0,6.0,0.0,0.0,0.0,6.0,6.0,6.0,6.0,6.0,6.0,6.0,7.0,7.0,6.0,7.0,6.0,7.0,6.0,7.0,6.0,6.5,6.5,6.5
e3pLl4qASSO4pR61CcDe0HarJAj2,69c83878fe043b4d1b02c881,multi_turn,2,asst_first,ROLEPLY,5,5,5,4.0,5.0,5.0,-1.0,0.0,0.0,6.0,4.0,4.0,5.0,4.0,4.0,5.0,5.0,3.0,3.0,4.0,4.0,5.0,6.0,5.0,5.0,3.5,5.25,4.375
e9y4GjoRwqXKM41wKDnciOxBID32,69aef22d0dcae965892e9da6,multi_turn,2,roleply_first,ASST,3,3,4,3.0,1.0,4.0,0.0,-2.0,0.0,5.0,5.0,5.0,7.0,4.0,6.0,4.0,6.0,5.0,2.0,3.0,3.0,6.0,7.0,7.0,7.0,3.25,6.75,5.0
eRDnB1sxRTObgbjjrdGTz6ME5mb2,69ae40f1b37b0e141294f003,control,0,asst_first,ROLEPLY,6,6,6,6.0,6.0,6.0,0.0,0.0,0.0,,,,,,,,,,,,,,,,,,,
emgZ7SVkmldT3bEXQX51cCb62F73,67155947b83a6aee15acbc0d,single_turn,1,roleply_first,ASST,4,4,4,5.0,5.0,4.0,1.0,1.0,0.0,5.0,5.0,4.0,5.0,5.0,5.0,5.0,,5.0,5.0,4.0,5.0,6.0,6.0,4.0,4.0,4.75,5.0,4.875
f18oSuRxkHe9Xugl0n5BL7ldZAd2,69a4ed9e81ed92904125f8b0,single_turn,1,asst_first,ROLEPLY,5,5,2,2.0,2.0,3.0,-3.0,-3.0,1.0,3.0,2.0,3.0,5.0,5.0,5.0,5.0,,6.0,6.0,6.0,6.0,4.0,5.0,5.0,4.0,6.0,4.5,5.25
gKD6EwQUI0UmcKra6Qapln1icll2,5c9623dd35599200175642e4,control,0,asst_first,ROLEPLY,3,3,2,6.0,3.0,3.0,3.0,0.0,1.0,,,,,,,,,,,,,,,,,,,
gScjWGgpeIMkBrjyF8TdrnP3unu1,6647ce8c4b8ee105144eb431,multi_turn,2,roleply_first,ASST,5,5,5,5.0,5.0,5.0,0.0,0.0,0.0,4.0,4.0,4.0,3.0,4.0,3.0,5.0,5.0,3.0,4.0,3.0,3.0,5.0,4.0,4.0,4.0,3.25,4.25,3.75
k9hZcIoMu1V8OVdGVHAP43KATDs1,66a595c0e6016ac7f76883d1,control,0,roleply_first,ASST,7,7,6,2.0,2.0,6.0,-5.0,-5.0,0.0,,,,,,,,,,,,,,,,,,,
kk4rHHNOfzXRmdtDlZHKh5B7Ra23,6941b02a8799492b8646e6a0,multi_turn,2,roleply_first,ASST,5,6,1,5.0,1.0,2.0,0.0,-5.0,1.0,3.0,5.0,6.0,7.0,5.0,3.0,5.0,3.0,3.0,3.0,4.0,5.0,4.0,5.0,7.0,7.0,3.75,5.75,4.75
m85PV4jDPpOYbrGdzZyFHrtMq4S2,69c41d36fe2ddd48603fab13,multi_turn,2,asst_first,ROLEPLY,5,5,2,5.0,4.0,4.0,0.0,-1.0,2.0,7.0,7.0,7.0,7.0,7.0,7.0,7.0,7.0,7.0,7.0,7.0,6.0,7.0,6.0,5.0,4.0,6.75,5.5,6.125
n4fGM5wiuqMGCQgGFDVrCsNRUur2,5a6b7f02e6cc4a0001b6a591,control,0,asst_first,ROLEPLY,5,5,4,6.0,5.0,5.0,1.0,0.0,1.0,,,,,,,,,,,,,,,,,,,
nqPk9KH36QTV7M4aagDrb6oIAnf1,6730aad650ae4e293ee48c4e,control,0,asst_first,ROLEPLY,3,2,1,6.0,4.0,1.0,3.0,2.0,0.0,,,,,,,,,,,,,,,,,,,
oCv5YYKfMKeRQKNSKOWvxzABgwP2,5ec1a2dcc4ceb15dfbf273dd,control,0,roleply_first,ASST,4,4,5,5.0,5.0,5.0,1.0,1.0,0.0,,,,,,,,,,,,,,,,,,,
ok0jgidDlwfiMQ8XqepaUitkwj72,69aa1ad3a7f28cc9bea82e0b,control,0,roleply_first,ASST,4,4,4,5.0,4.0,4.0,1.0,0.0,0.0,,,,,,,,,,,,,,,,,,,
pA4DGTfcprP5gxk0WwZSnYfOhO42,5ea9b1e1d3196e0ec4812709,control,0,roleply_first,ASST,4,3,4,5.0,3.0,4.0,1.0,0.0,0.0,,,,,,,,,,,,,,,,,,,
pxj2fY3ZVIUjIeDjokZgMVC89Nu2,6715b46f9f59f9e05837029a,single_turn,1,asst_first,ROLEPLY,6,5,4,2.0,3.0,3.0,-4.0,-2.0,-1.0,7.0,5.0,7.0,7.0,6.0,7.0,7.0,,6.0,6.0,6.0,7.0,7.0,7.0,5.0,5.0,6.25,6.0,6.125
rgHdEJMc1kOT8aUBfcV36Xfz0wp2,675bb88bd8b8f63130d653ca,multi_turn,2,roleply_first,ASST,5,5,5,4.0,5.0,5.0,-1.0,0.0,0.0,5.0,6.0,6.0,3.0,5.0,4.0,5.0,5.0,3.0,3.0,4.0,3.0,4.0,5.0,4.0,4.0,3.25,4.25,3.75
sFO3LLz0bCN9Bhgd25qSuYmdk8H3,671498899f67df85f33ea053,control,0,asst_first,ROLEPLY,3,2,5,5.0,5.0,5.0,2.0,3.0,0.0,,,,,,,,,,,,,,,,,,,
syEwdUE0RdeqzQ9m09ViQyZtfij2,6705a08c56fb496777c48189,control,0,roleply_first,ASST,5,4,5,5.0,4.0,5.0,0.0,0.0,0.0,,,,,,,,,,,,,,,,,,,
vRnt5IXeDeZshSuiWHauHVmaeCr1,652408b110c19343a504c45a,multi_turn,2,roleply_first,ASST,5,5,5,5.0,5.0,5.0,0.0,0.0,0.0,4.0,4.0,4.0,4.0,4.0,4.0,4.0,4.0,5.0,5.0,4.0,4.0,4.0,4.0,4.0,4.0,4.5,4.0,4.25
veaw6PA2ygb4kpjqdJYJ1GWvYnr1,662aa1095c1c5061a0121a13,single_turn,1,roleply_first,ASST,4,5,6,5.0,4.0,6.0,1.0,-1.0,0.0,6.0,7.0,6.0,6.0,7.0,7.0,7.0,,4.0,3.0,4.0,5.0,3.0,3.0,3.0,4.0,4.0,3.25,3.625
wSubceBUV4Rxlm92G6JelTgl4ZG2,67ac5f2b94b08886739a0003,control,0,asst_first,ROLEPLY,3,5,5,7.0,6.0,6.0,4.0,1.0,1.0,,,,,,,,,,,,,,,,,,,
x1Rjq8zHRWXd8WXYxyKTmuZyBpd2,69c5bfc9e590faa14fcc0449,multi_turn,2,roleply_first,ASST,5,6,2,6.0,6.0,2.0,1.0,0.0,0.0,6.0,2.0,2.0,3.0,4.0,5.0,5.0,4.0,3.0,3.0,3.0,3.0,2.0,2.0,1.0,1.0,3.0,1.5,2.25
yLtgpevAkZVzoUVf4bqD1jp6cOv2,6932b4d6193229c056a3b2ea,control,0,asst_first,ROLEPLY,4,2,5,4.0,3.0,4.0,0.0,1.0,-1.0,,,,,,,,,,,,,,,,,,,
yk8Efj1JYWOP9os7ArRUZx29oqf2,67e97d506e0dfa7ff0b407c5,multi_turn,2,roleply_first,ASST,7,7,7,7.0,7.0,7.0,0.0,0.0,0.0,7.0,7.0,7.0,6.0,7.0,7.0,6.0,7.0,7.0,7.0,7.0,7.0,7.0,7.0,7.0,7.0,7.0,7.0,7.0
ysD5FmJSJIQLdFrjHAnWRxRxkGo2,699fcf6ce8e60730dbfc92ac,multi_turn,2,roleply_first,ASST,6,6,5,3.0,5.0,5.0,-3.0,-1.0,0.0,6.0,6.0,2.0,5.0,5.0,6.0,4.0,7.0,6.0,2.0,4.0,2.0,7.0,7.0,5.0,6.0,3.5,6.25,4.875
zHX0ButjS3QfwkEDqkCLBjBCrwB2,65c25e3de8b230c294f2b32c,multi_turn,2,roleply_first,ASST,3,3,5,4.0,2.0,5.0,1.0,-1.0,0.0,1.0,2.0,2.0,6.0,2.0,6.0,1.0,2.0,1.0,2.0,2.0,1.0,4.0,6.0,4.0,5.0,1.5,4.75,3.125
zXSkAVQpsOXV0mlHaPs5cGyAGKr2,5e169be613ec50c5903e0978,single_turn,1,asst_first,ROLEPLY,4,3,2,4.0,3.0,2.0,0.0,0.0,0.0,3.0,3.0,4.0,5.0,5.0,5.0,6.0,,5.0,4.0,5.0,5.0,3.0,4.0,3.0,5.0,4.75,3.75,4.25
zlltNEhmlGQTU5E4uXrGryUAAAq2,69829bc1224b28f0538900d5,multi_turn,2,asst_first,ROLEPLY,3,2,6,5.0,4.0,6.0,2.0,2.0,0.0,5.0,5.0,5.0,6.0,5.0,5.0,5.0,5.0,6.0,5.0,7.0,6.0,4.0,5.0,5.0,6.0,6.0,5.0,5.5
1ISuD6KHoYWsVmCPRmOcCIXklQH3,63eb83eb704995bd961925ed,control,0,asst_first,ROLEPLY,4,5,4,4.0,2.0,4.0,0.0,-3.0,0.0,,,,,,,,,,,,,,,,,,,
1UZtRB6gefe7gqruXngP3EcNCMj1,674f6aa6d413bee52cbcd5b7,multi_turn,2,asst_first,ROLEPLY,3,3,4,4.0,3.0,4.0,1.0,0.0,0.0,4.0,5.0,4.0,4.0,4.0,4.0,5.0,4.0,4.0,3.0,5.0,4.0,4.0,4.0,5.0,4.0,4.0,4.25,4.125
1t5SiWssM4RSYGonTrfd2od6dLG2,6102d892986a0f83785e2470,multi_turn,2,roleply_first,ASST,4,3,4,5.0,4.0,5.0,1.0,1.0,1.0,6.0,6.0,5.0,5.0,6.0,5.0,6.0,6.0,6.0,6.0,6.0,6.0,5.0,6.0,6.0,6.0,6.0,5.75,5.875
2GIDN6UCUXV5fD4uNkex39795nU2,5d6b596f76cca6000166d81d,control,0,asst_first,ROLEPLY,5,4,5,3.0,3.0,5.0,-2.0,-1.0,0.0,,,,,,,,,,,,,,,,,,,
35yycc5G3QbI40zz9prNFmPtjuE3,69a87cb20e8503ae8c6d6cc9,control,0,asst_first,ROLEPLY,5,4,4,6.0,5.0,4.0,1.0,1.0,0.0,,,,,,,,,,,,,,,,,,,
3YITW9XSu5Y07UECX8RA9FjfrKk1,69c1db2603f6a9075944b1fd,control,0,asst_first,ROLEPLY,4,4,3,5.0,5.0,3.0,1.0,1.0,0.0,,,,,,,,,,,,,,,,,,,
4W556A0npjZkZjSRhHkR1AWQukv1,5dd32432e0b21b3472c20ebe,single_turn,1,asst_first,ROLEPLY,4,4,3,2.0,3.0,3.0,-2.0,-1.0,0.0,2.0,4.0,2.0,1.0,1.0,1.0,4.0,,4.0,4.0,3.0,4.0,3.0,2.0,3.0,4.0,3.75,3.0,3.375
4XEXxiWDp7a1KtXAPt7Wtj6YZ7M2,69bc0ba177847fde0a18ec3d,multi_turn,2,roleply_first,ASST,4,5,4,4.0,3.0,3.0,0.0,-2.0,-1.0,5.0,4.0,5.0,5.0,5.0,3.0,5.0,5.0,5.0,6.0,5.0,6.0,5.0,6.0,5.0,6.0,5.5,5.5,5.5
4jOD5yPWZ7ToD9BKZ0pHPYJK9yB2,675a2ef45fbe0cc52b8403ae,single_turn,1,roleply_first,ASST,6,6,6,5.0,6.0,6.0,-1.0,0.0,0.0,6.0,5.0,6.0,7.0,6.0,5.0,6.0,,5.0,6.0,6.0,7.0,5.0,6.0,7.0,5.0,6.0,5.75,5.875
57dWdKdfRcarCoxYhzkgsLigHru1,69afa206452d78f24519cfb6,single_turn,1,asst_first,ROLEPLY,6,6,5,6.0,6.0,6.0,0.0,0.0,1.0,5.0,6.0,7.0,6.0,7.0,6.0,6.0,,2.0,2.0,2.0,1.0,1.0,2.0,2.0,2.0,1.75,1.75,1.75
5HLteJPwzjPKBhfARjNdkXSrelj2,617452347986aeaf4d2e5278,single_turn,1,asst_first,ROLEPLY,5,5,4,5.0,3.0,4.0,0.0,-2.0,0.0,6.0,7.0,5.0,7.0,6.0,5.0,5.0,,7.0,5.0,6.0,5.0,4.0,5.0,5.0,6.0,5.75,5.0,5.375
5RHaxvObqgVoqYo1ZBKulKFcqU93,662f8adda330de2b91147209,single_turn,1,asst_first,ROLEPLY,5,5,6,7.0,5.0,5.0,2.0,0.0,-1.0,6.0,6.0,7.0,5.0,6.0,6.0,7.0,,6.0,7.0,5.0,5.0,4.0,6.0,7.0,5.0,5.75,5.5,5.625
5UHrEfz0njbPFus7b3nt3KNrH263,699ddb4029e444c07d0953ae,multi_turn,2,asst_first,ROLEPLY,4,3,4,4.0,2.0,3.0,0.0,-1.0,-1.0,3.0,4.0,5.0,7.0,6.0,6.0,3.0,7.0,6.0,5.0,5.0,4.0,4.0,3.0,4.0,4.0,5.0,3.75,4.375
63zoxApUiwcH8tra18Ub1Rm4WDn1,6945761b6e13df632b53f8da,multi_turn,2,asst_first,ROLEPLY,5,5,5,5.0,2.0,5.0,0.0,-3.0,0.0,6.0,4.0,6.0,6.0,6.0,6.0,6.0,6.0,6.0,6.0,6.0,6.0,7.0,7.0,7.0,7.0,6.0,7.0,6.5
6iYYPOxo2NhxYNgUx2LgumaXh8j1,63d5b810f3dbbd11e7e65870,multi_turn,2,roleply_first,ASST,6,6,6,5.0,2.0,5.0,-1.0,-4.0,-1.0,6.0,6.0,6.0,5.0,6.0,6.0,6.0,6.0,6.0,6.0,7.0,6.0,7.0,6.0,7.0,5.0,6.25,6.25,6.25
7cq2eMt7ugRuqhGOq05HBZoyjdg2,5bf0a682e938aa0001df6c54,single_turn,1,asst_first,ROLEPLY,5,7,4,4.0,1.0,1.0,-1.0,-6.0,-3.0,7.0,1.0,1.0,1.0,2.0,1.0,3.0,,7.0,6.0,7.0,7.0,7.0,7.0,6.0,5.0,6.75,6.25,6.5
8a9eVvTqH8SIXj4SyiO4hv0t5ho1,66aa8d04719b0f5ef3433e9c,control,0,roleply_first,ASST,4,4,5,6.0,6.0,4.0,2.0,2.0,-1.0,,,,,,,,,,,,,,,,,,,
8bXgq0WydXXAHGEV2ych99vwNSq2,698314cfbc5b5149e7eff3cf,control,0,asst_first,ROLEPLY,6,6,5,6.0,6.0,5.0,0.0,0.0,0.0,,,,,,,,,,,,,,,,,,,
8iwlTGXTWAe9T9nGfHesJbdrnMt2,67e268cbf13dcd115337894c,single_turn,1,roleply_first,ASST,6,7,6,5.0,3.0,6.0,-1.0,-4.0,0.0,5.0,6.0,5.0,4.0,7.0,6.0,5.0,,6.0,5.0,7.0,6.0,6.0,5.0,7.0,6.0,6.0,6.0,6.0
8kbG0x1T0yPzfKmsGMWbeTKKBYH2,60c119b30aa5205b493541b6,multi_turn,2,asst_first,ROLEPLY,5,5,5,5.0,3.0,5.0,0.0,-2.0,0.0,6.0,5.0,6.0,6.0,5.0,6.0,4.0,5.0,5.0,6.0,6.0,5.0,6.0,7.0,7.0,6.0,5.5,6.5,6.0
92W5qFVeIPaSdD2jpWpnnhi8DsJ3,6996589ef8807b43043aef11,multi_turn,2,asst_first,ROLEPLY,5,6,4,3.0,3.0,2.0,-2.0,-3.0,-2.0,3.0,4.0,3.0,7.0,3.0,7.0,4.0,3.0,2.0,3.0,1.0,3.0,3.0,2.0,3.0,3.0,2.25,2.75,2.5
AYAle5e13TXnP4faWwQVwIdJgcK2,5db753692a16b8000b4d44f6,control,0,roleply_first,ASST,5,5,5,5.0,4.0,7.0,0.0,-1.0,2.0,,,,,,,,,,,,,,,,,,,
AtTMl0QbfDbsKClK1JUrbh5IGpu1,699d45af20adaa6e1e89aa5a,single_turn,1,roleply_first,ASST,4,4,4,7.0,3.0,4.0,3.0,-1.0,0.0,5.0,5.0,5.0,4.0,5.0,3.0,5.0,,5.0,4.0,5.0,5.0,2.0,3.0,3.0,5.0,4.75,3.25,4.0
BfrCiYB83bVYNaApXk1M0ADKOjP2,5d453e8723a5bb0001492546,single_turn,1,asst_first,ROLEPLY,3,3,2,3.0,4.0,2.0,0.0,1.0,0.0,3.0,2.0,2.0,5.0,3.0,5.0,3.0,,3.0,2.0,2.0,3.0,5.0,5.0,5.0,5.0,2.5,5.0,3.75
BwbcXMfSzsQlKXvfzaNCeKYcOC32,695fefc5165c3e3caf224919,control,0,roleply_first,ASST,4,4,6,7.0,7.0,4.0,3.0,3.0,-2.0,,,,,,,,,,,,,,,,,,,
Chj32m40axYJaoy8wcCSuWSEfm52,695fed791a1d6de6d0a812da,control,0,roleply_first,ASST,4,4,3,5.0,4.0,3.0,1.0,0.0,0.0,,,,,,,,,,,,,,,,,,,
Cmdam1OjCXVjOnuHDlt6bgkJD7h2,67f1f1d53b5c101545b04cfc,control,0,roleply_first,ASST,4,2,4,6.0,4.0,5.0,2.0,2.0,1.0,,,,,,,,,,,,,,,,,,,
DCb95RxKc3PMqbiWyyr5xzjH9xv2,672bbb444ab4546a33718004,multi_turn,2,roleply_first,ASST,5,5,5,6.0,5.0,6.0,1.0,0.0,1.0,6.0,6.0,6.0,6.0,6.0,7.0,6.0,6.0,6.0,6.0,6.0,6.0,2.0,2.0,1.0,2.0,6.0,1.75,3.875
Eo8va1friWS3rDZDLQxVEahGgNs2,698f9090875fd1edf9c2f4ce,multi_turn,2,asst_first,ROLEPLY,5,5,6,3.0,3.0,7.0,-2.0,-2.0,1.0,7.0,5.0,5.0,6.0,6.0,7.0,6.0,7.0,7.0,3.0,6.0,5.0,7.0,7.0,6.0,6.0,5.25,6.5,5.875
F7qSfxeK6rOMa3PYHmkDciKXBDB3,6997b7e51e36044608c693d4,single_turn,1,roleply_first,ASST,5,5,3,5.0,4.0,3.0,0.0,-1.0,0.0,4.0,5.0,5.0,4.0,4.0,4.0,4.0,,7.0,7.0,7.0,7.0,3.0,5.0,7.0,5.0,7.0,5.0,6.0
GASbzANggGfeB0lyqgkaPgJtPhE3,5c1021a547d07800011a23de,single_turn,1,asst_first,ROLEPLY,4,6,2,6.0,5.0,4.0,2.0,-1.0,2.0,5.0,5.0,4.0,5.0,5.0,4.0,6.0,,6.0,5.0,5.0,6.0,4.0,5.0,6.0,6.0,5.5,5.25,5.375
Ga2WDEyrTNaXEFSQH4qlpY2KIfI3,69bebb732fce2a6f877f8c6f,multi_turn,2,roleply_first,ASST,4,3,5,5.0,3.0,5.0,1.0,0.0,0.0,5.0,3.0,5.0,5.0,4.0,3.0,4.0,4.0,5.0,6.0,5.0,5.0,6.0,5.0,5.0,6.0,5.25,5.5,5.375
GaZqRFlEshZhuj4xaxPzoObIKvp2,5fbd057ea95c7102638685d5,multi_turn,2,roleply_first,ASST,3,2,4,5.0,3.0,4.0,2.0,1.0,0.0,3.0,3.0,4.0,5.0,5.0,3.0,5.0,3.0,3.0,3.0,3.0,3.0,2.0,2.0,4.0,5.0,3.0,3.25,3.125
GfJfymdGNfTa1ZkKHm3wDHqrjcG2,66351c39f862c014cfa831c4,single_turn,1,asst_first,ROLEPLY,6,4,4,5.0,4.0,4.0,-1.0,0.0,0.0,5.0,5.0,5.0,6.0,5.0,5.0,5.0,,7.0,7.0,7.0,7.0,7.0,7.0,7.0,7.0,7.0,7.0,7.0
HrM16oufTpgWfts7Efh8JecfbqW2,6628141ef03d907d9b2ff86d,single_turn,1,roleply_first,ASST,5,6,6,5.0,4.0,5.0,0.0,-2.0,-1.0,6.0,6.0,6.0,7.0,6.0,6.0,6.0,,6.0,6.0,6.0,7.0,4.0,6.0,7.0,6.0,6.25,5.75,6.0
I8GBTqKpV7gld8MVTgD6AWDZztE3,59948cbdcf1d1700016efa45,single_turn,1,roleply_first,ASST,5,5,2,2.0,4.0,2.0,-3.0,-1.0,0.0,3.0,3.0,3.0,5.0,3.0,2.0,5.0,,3.0,4.0,2.0,4.0,2.0,2.0,2.0,4.0,3.25,2.5,2.875
INi411VQpQcxuc0A6FsBaNSZmI72,69815bc41e1ce32a7bd62082,control,0,asst_first,ROLEPLY,5,4,5,3.0,3.0,5.0,-2.0,-1.0,0.0,,,,,,,,,,,,,,,,,,,
IeRYrKoE8aOfGzqFdiJETmgXrVF2,69b9aa64f47229adf26b8739,control,0,asst_first,ROLEPLY,6,6,5,6.0,7.0,4.0,0.0,1.0,-1.0,,,,,,,,,,,,,,,,,,,
IvWlrwdEkcYovc894gMcVufo8Cl2,62b5da77688feb883eba275d,multi_turn,2,roleply_first,ASST,4,4,3,3.0,3.0,3.0,-1.0,-1.0,0.0,5.0,4.0,5.0,6.0,4.0,5.0,6.0,5.0,5.0,5.0,5.0,5.0,4.0,4.0,5.0,5.0,5.0,4.5,4.75
JGRstHTrAdTm5JwWPvXX2pppzpc2,697a84c0ac7e8c070f8652ac,single_turn,1,asst_first,ROLEPLY,5,2,4,4.0,1.0,6.0,-1.0,-1.0,2.0,5.0,5.0,4.0,3.0,5.0,2.0,6.0,,5.0,4.0,5.0,7.0,5.0,6.0,4.0,5.0,5.25,5.0,5.125
JvZair4RIFc2gRAV5qTT12kvYI92,5ef3832ddd7d5a0f19b24f20,single_turn,1,asst_first,ROLEPLY,3,4,6,5.0,4.0,6.0,2.0,0.0,0.0,6.0,6.0,6.0,6.0,6.0,7.0,6.0,,5.0,5.0,5.0,5.0,4.0,5.0,3.0,2.0,5.0,3.5,4.25
K7ZID1XnacdH0LtVjr1qll5TaAw2,67c9e7f9b20b33ec743ad8a9,control,0,roleply_first,ASST,6,6,6,7.0,2.0,5.0,1.0,-4.0,-1.0,,,,,,,,,,,,,,,,,,,
Kxja4hi3uvQe5AncS9dIWY6sjKr2,69b9dc367fe8a0f25c27fd3e,multi_turn,2,roleply_first,ASST,4,4,3,3.0,3.0,5.0,-1.0,-1.0,2.0,7.0,6.0,4.0,6.0,7.0,7.0,4.0,4.0,7.0,7.0,7.0,6.0,7.0,7.0,7.0,7.0,6.75,7.0,6.875
LHAeKIo1HseGWwTdh7en5l6fX6w2,69a65cb77a65aab485084932,single_turn,1,asst_first,ROLEPLY,6,6,4,6.0,6.0,6.0,0.0,0.0,2.0,7.0,7.0,7.0,6.0,7.0,6.0,7.0,,7.0,7.0,7.0,7.0,7.0,7.0,7.0,7.0,7.0,7.0,7.0
M0Z5iEvoJfSOPZEM9mzICKaggjl1,650764c3a197814ab15f8237,control,0,asst_first,ROLEPLY,2,2,3,4.0,2.0,3.0,2.0,0.0,0.0,,,,,,,,,,,,,,,,,,,
MNYVOSnqG9NenQ53FhH5vrQlgbX2,69c3058a99ca09b99919c1f9,control,0,asst_first,ROLEPLY,5,5,4,3.0,3.0,2.0,-2.0,-2.0,-2.0,,,,,,,,,,,,,,,,,,,
MYO8icwrYPe6vLXj0AkBIn7yxAH3,5d27dc6b46dea800184f8bfa,single_turn,1,asst_first,ROLEPLY,5,5,4,6.0,4.0,5.0,1.0,-1.0,1.0,6.0,5.0,4.0,5.0,6.0,5.0,5.0,,6.0,7.0,6.0,7.0,6.0,6.0,6.0,7.0,6.5,6.25,6.375
Mr9nYmG3lFXinLhQkhli4LokkS32,668f8d7343028ae0faa7a907,control,0,roleply_first,ASST,4,2,4,4.0,1.0,5.0,0.0,-1.0,1.0,,,,,,,,,,,,,,,,,,,
NmvvSd6Hu2OAUVkE43jGMGKCGC62,671e55aeca0216c5762de35a,control,0,roleply_first,ASST,5,2,5,2.0,3.0,4.0,-3.0,1.0,-1.0,,,,,,,,,,,,,,,,,,,
NnYmLd7afkWHx53o4cUT3drMSRj2,667871d17d7fdf0358f82a28,multi_turn,2,asst_first,ROLEPLY,3,3,3,5.0,5.0,3.0,2.0,2.0,0.0,5.0,5.0,5.0,2.0,5.0,6.0,6.0,5.0,6.0,5.0,5.0,6.0,3.0,3.0,3.0,3.0,5.5,3.0,4.25
O5oHhpE39Uh7nykRSnRO4LMP9uc2,5df11e6cdc85350234932daa,single_turn,1,asst_first,ROLEPLY,2,2,4,5.0,4.0,5.0,3.0,2.0,1.0,6.0,5.0,5.0,6.0,4.0,5.0,6.0,,6.0,7.0,6.0,7.0,4.0,7.0,7.0,6.0,6.5,6.0,6.25
OZDvxvJ31YYlITAXxlvhXFRwXBP2,6770573e562e37a89d525a87,multi_turn,2,asst_first,ROLEPLY,3,2,2,3.0,3.0,2.0,0.0,1.0,0.0,5.0,5.0,4.0,3.0,4.0,3.0,4.0,4.0,3.0,2.0,3.0,2.0,4.0,4.0,5.0,5.0,2.5,4.5,3.5
PKlaubvkGXXA9NaUFxlZo66W1QZ2,69c6f972b41adeb37c79bc36,control,0,roleply_first,ASST,7,6,6,6.0,2.0,6.0,-1.0,-4.0,0.0,,,,,,,,,,,,,,,,,,,
PtXlRtBB5mbuNGZKPs1gRHup0sH3,63f809102d5b3a98cb923306,single_turn,1,roleply_first,ASST,5,4,2,4.0,3.0,3.0,-1.0,-1.0,1.0,4.0,4.0,4.0,3.0,4.0,3.0,4.0,,4.0,5.0,5.0,6.0,4.0,3.0,4.0,4.0,5.0,3.75,4.375
RxUqYIeYaGhic7kUVRVe252jMHG3,63d7b127485d5655e70c8282,single_turn,1,asst_first,ROLEPLY,4,4,4,3.0,1.0,3.0,-1.0,-3.0,-1.0,1.0,1.0,1.0,1.0,1.0,1.0,4.0,,1.0,1.0,1.0,1.0,1.0,1.0,1.0,1.0,1.0,1.0,1.0
RyPgy5yahTNqEkhpFvWBgjAZIBE3,69bc21dd22f17b2337957511,multi_turn,2,asst_first,ROLEPLY,6,5,4,4.0,4.0,4.0,-2.0,-1.0,0.0,2.0,6.0,6.0,7.0,6.0,7.0,6.0,4.0,7.0,4.0,6.0,4.0,4.0,5.0,6.0,7.0,5.25,5.5,5.375
ShPlAl2EZgPHZM3mSSH6a7yr0uR2,69c0316b92d3e220991c755a,control,0,roleply_first,ASST,3,4,3,6.0,2.0,3.0,3.0,-2.0,0.0,,,,,,,,,,,,,,,,,,,
SxvnL4ZIHgatPmubsFtZTvscwyB2,66e5cf7a11cb28aa31d19da8,single_turn,1,asst_first,ROLEPLY,4,4,3,5.0,4.0,3.0,1.0,0.0,0.0,5.0,4.0,5.0,5.0,5.0,4.0,6.0,,5.0,4.0,4.0,4.0,5.0,6.0,6.0,6.0,4.25,5.75,5.0
T4vVbaI7YaX8XlTABYItoXQ580l2,665e680164927b18554b66ec,control,0,asst_first,ROLEPLY,4,4,3,5.0,4.0,3.0,1.0,0.0,0.0,,,,,,,,,,,,,,,,,,,
Tc7vEJKtr8Ohvj9UYjdnq5bNpcg1,695ff609b31e1c2b3b6843ee,control,0,roleply_first,ASST,3,3,1,4.0,4.0,1.0,1.0,1.0,0.0,,,,,,,,,,,,,,,,,,,
Thmz8WYYrDOHvshwf4QbKa0lKpD3,6715f06f11bee12130540557,single_turn,1,asst_first,ROLEPLY,5,5,3,4.0,5.0,3.0,-1.0,0.0,0.0,2.0,2.0,2.0,1.0,3.0,1.0,5.0,,1.0,4.0,1.0,5.0,1.0,1.0,4.0,4.0,2.75,2.5,2.625
U0ApkdFlOkPXsiGZYyCqVgq9F963,5b79dfb9db11320001c3d3f4,control,0,asst_first,ROLEPLY,2,4,1,7.0,5.0,4.0,5.0,1.0,3.0,,,,,,,,,,,,,,,,,,,
U0cD7bFwR4cOvW0DqLByWCI6o1z1,612fd3208d3decaf3ec80bcc,single_turn,1,roleply_first,ASST,4,4,4,4.0,4.0,5.0,0.0,0.0,1.0,4.0,4.0,4.0,6.0,4.0,4.0,5.0,,3.0,4.0,1.0,5.0,4.0,4.0,2.0,1.0,3.25,2.75,3.0
Vlsx4Oc3ZNdfAygt8hW8bi1R4oz2,696e5a56d7a7cb7e8de48ef8,multi_turn,2,asst_first,ROLEPLY,5,5,5,4.0,5.0,4.0,-1.0,0.0,-1.0,6.0,5.0,6.0,6.0,5.0,6.0,6.0,5.0,5.0,5.0,6.0,5.0,4.0,4.0,5.0,5.0,5.25,4.5,4.875
VvfSFhVVCOanQX2DBgfFE7vnlXY2,669533c82c03a4d6320159d3,control,0,roleply_first,ASST,4,4,2,5.0,4.0,3.0,1.0,0.0,1.0,,,,,,,,,,,,,,,,,,,
W2jbhEPitOdDmXSqxMCZM7c7ni23,698f9675b0a2c0885344c225,control,0,asst_first,ROLEPLY,5,5,4,4.0,5.0,4.0,-1.0,0.0,0.0,,,,,,,,,,,,,,,,,,,
Wp0jd5bzKifyrBYiUSG5IJbtNGU2,60fd6618f9a377f54dcdf318,control,0,asst_first,ROLEPLY,4,3,5,5.0,3.0,6.0,1.0,0.0,1.0,,,,,,,,,,,,,,,,,,,
X0F71SknGqZeaTVlW7jNeqeicqk1,694589c2f55308a225b4e051,single_turn,1,roleply_first,ASST,4,4,3,4.0,2.0,3.0,0.0,-2.0,0.0,4.0,4.0,3.0,4.0,3.0,5.0,5.0,,4.0,2.0,4.0,3.0,3.0,3.0,4.0,4.0,3.25,3.5,3.375
XEN4f71UE5Y3rBnXjm0UG2WSbJk1,5dacff17847579001715f610,single_turn,1,roleply_first,ASST,4,5,2,6.0,6.0,2.0,2.0,1.0,0.0,6.0,6.0,6.0,6.0,6.0,3.0,5.0,,7.0,7.0,7.0,7.0,3.0,5.0,5.0,5.0,7.0,4.5,5.75
XqYuKE0p5IPs5ArQ4mJhPlRkahD3,67204d218bd32593b8044c25,multi_turn,2,roleply_first,ASST,4,5,3,6.0,4.0,4.0,2.0,-1.0,1.0,6.0,5.0,6.0,6.0,6.0,5.0,6.0,5.0,6.0,6.0,6.0,6.0,6.0,6.0,7.0,7.0,6.0,6.5,6.25
Y4f7kYcpiBQfND05ZZ1Ptssu0gx2,668c3d366a81311ad96a480b,control,0,roleply_first,ASST,4,4,3,4.0,4.0,4.0,0.0,0.0,1.0,,,,,,,,,,,,,,,,,,,
YhXE66Cv0mY860QKiESFJZoj1i82,69952c4a0bb463a74f843450,control,0,roleply_first,ASST,4,3,4,7.0,2.0,6.0,3.0,-1.0,2.0,,,,,,,,,,,,,,,,,,,
ZfvpvBJfmGY9RiTDODfjRmwt2zI2,69b995ce593993a3a6a5fa30,single_turn,1,roleply_first,ASST,4,3,4,5.0,3.0,5.0,1.0,0.0,1.0,5.0,5.0,5.0,5.0,5.0,5.0,5.0,,5.0,2.0,4.0,2.0,2.0,2.0,2.0,2.0,3.25,2.0,2.625
aYgiGecKLGOgMFaKdq1ZW778yxw1,677743bf62e157794cf97ff4,multi_turn,2,roleply_first,ASST,4,3,4,3.0,3.0,4.0,-1.0,0.0,0.0,5.0,5.0,5.0,4.0,4.0,3.0,3.0,4.0,5.0,6.0,5.0,7.0,3.0,3.0,4.0,5.0,5.75,3.75,4.75
af7wkq17xeOdb52dMHRzvyozdNg2,678b2a59231a08a70176d425,control,0,asst_first,ROLEPLY,2,2,6,4.0,5.0,7.0,2.0,3.0,1.0,,,,,,,,,,,,,,,,,,,
bK8PBw58gxW22xQUP3dlFXke3s42,5dd299a27f1bbf2a83554ecf,single_turn,1,asst_first,ROLEPLY,4,6,3,4.0,3.0,3.0,0.0,-3.0,0.0,3.0,4.0,4.0,5.0,3.0,4.0,4.0,,4.0,3.0,4.0,5.0,4.0,5.0,4.0,4.0,4.0,4.25,4.125
bPStoEWRCqbCBVBPU7EiU56nHhD2,655a546e15e533cb7b6c6cb8,control,0,roleply_first,ASST,4,5,5,4.0,3.0,5.0,0.0,-2.0,0.0,,,,,,,,,,,,,,,,,,,
bSJbc7f1XscFzbt5XmOgBrkuCqG3,670a0a98237adcfed719f255,multi_turn,2,asst_first,ROLEPLY,2,2,5,2.0,3.0,2.0,0.0,1.0,-3.0,3.0,3.0,4.0,2.0,2.0,5.0,6.0,3.0,5.0,6.0,6.0,6.0,7.0,5.0,6.0,4.0,5.75,5.5,5.625
bhSHfkqLBOdptIhhvxev71MDTeC2,62e97dfea1a1ef00cb9f0b10,multi_turn,2,asst_first,ROLEPLY,5,4,5,6.0,4.0,6.0,1.0,0.0,1.0,7.0,7.0,6.0,6.0,6.0,2.0,6.0,6.0,6.0,7.0,7.0,7.0,7.0,7.0,7.0,7.0,6.75,7.0,6.875
c2Fhj8WqwUP4tkKrXN79DKkQZg13,69a82e484e9029ef1a4a99d4,control,0,asst_first,ROLEPLY,6,7,5,5.0,6.0,7.0,-1.0,-1.0,2.0,,,,,,,,,,,,,,,,,,,
cNAXXKm1J2bk0VcW5E1USSc1QDA3,66042d8fc8f0421abb8ecf06,control,0,roleply_first,ASST,5,5,5,1.0,1.0,4.0,-4.0,-4.0,-1.0,,,,,,,,,,,,,,,,,,,
cUbml7NoRTRvonnH1aFqJd37Sdx1,5eace152e25d6800091dd418,multi_turn,2,asst_first,ROLEPLY,4,4,2,5.0,5.0,2.0,1.0,1.0,0.0,5.0,6.0,5.0,4.0,5.0,5.0,5.0,5.0,5.0,4.0,4.0,4.0,5.0,6.0,4.0,6.0,4.25,5.25,4.75
ccpXnZi2ViNvU4wciMYdRnC5hLx2,60f32eb8d0fa43b7850ae16b,multi_turn,2,roleply_first,ASST,2,1,4,2.0,2.0,5.0,0.0,1.0,1.0,2.0,4.0,3.0,4.0,2.0,3.0,4.0,5.0,2.0,6.0,6.0,6.0,2.0,2.0,4.0,2.0,5.0,2.5,3.75
ckg2NcVYs4ManKsw8W2Gx1T9jYw1,67edb211a7c1d23c1535d6b2,multi_turn,2,asst_first,ROLEPLY,3,3,5,4.0,2.0,5.0,1.0,-1.0,0.0,6.0,5.0,5.0,4.0,6.0,6.0,4.0,5.0,6.0,7.0,5.0,5.0,6.0,6.0,7.0,7.0,5.75,6.5,6.125
ctIQAYlHGjZYofiNUTB5tEs5Xp92,654455ad0b76675379c66db4,control,0,roleply_first,ASST,5,5,6,5.0,5.0,6.0,0.0,0.0,0.0,,,,,,,,,,,,,,,,,,,
cvIPweNYDaZ5lzZqwVQ07KA3wGw2,5dd1df8fb48da3240ca85c45,multi_turn,2,roleply_first,ASST,3,4,4,4.0,2.0,5.0,1.0,-2.0,1.0,4.0,5.0,6.0,5.0,4.0,5.0,5.0,5.0,5.0,6.0,5.0,6.0,5.0,7.0,5.0,5.0,5.5,5.5,5.5
d2aAwu39BZcWg16TZtV75dbVIYh1,699a17a6149f8e934246720a,control,0,asst_first,ROLEPLY,5,5,5,4.0,6.0,4.0,-1.0,1.0,-1.0,,,,,,,,,,,,,,,,,,,
d5HfVcXE5bbYbe17ge5JBg7usE63,5fb9b9c1c62f408e51e09e32,single_turn,1,roleply_first,ASST,5,6,5,5.0,3.0,5.0,0.0,-3.0,0.0,6.0,6.0,7.0,4.0,5.0,4.0,6.0,,5.0,6.0,5.0,7.0,6.0,7.0,6.0,5.0,5.75,6.0,5.875
eMLW73mr9wYxvigQ6Oj1F7uIkN92,6696fd1fb46668008566a9bd,control,0,roleply_first,ASST,4,4,3,4.0,3.0,4.0,0.0,-1.0,1.0,,,,,,,,,,,,,,,,,,,
eRDKzn8a7DM5Bvra56Cq3cjijcG2,6825af939111d286546fdde6,multi_turn,2,asst_first,ROLEPLY,6,6,6,2.0,3.0,6.0,-4.0,-3.0,0.0,5.0,6.0,6.0,6.0,7.0,6.0,5.0,6.0,6.0,6.0,7.0,6.0,5.0,5.0,6.0,6.0,6.25,5.5,5.875
eVewqnKoDkef0Ju7Q5ppeNzIdxe2,5c747b0f181ad300113363ed,control,0,roleply_first,ASST,3,2,5,4.0,3.0,4.0,1.0,1.0,-1.0,,,,,,,,,,,,,,,,,,,
eZLEbgRhsbN8t0D73XYUsPK961L2,5fd23ecda6599f06a53f4f62,single_turn,1,roleply_first,ASST,3,3,2,6.0,2.0,3.0,3.0,-1.0,1.0,1.0,3.0,2.0,1.0,1.0,1.0,2.0,,7.0,6.0,7.0,7.0,7.0,7.0,6.0,7.0,6.75,6.75,6.75
eusA9T8Xf9ZwR4mJMvf9xrgMNIZ2,66f8522292767238ed42ebbd,single_turn,1,asst_first,ROLEPLY,5,5,5,3.0,3.0,6.0,-2.0,-2.0,1.0,3.0,3.0,3.0,1.0,3.0,1.0,5.0,,6.0,6.0,6.0,5.0,2.0,3.0,1.0,1.0,5.75,1.75,3.75
fA1srRi7DrYKni1tg4QQStmvEMA2,5c7cf8b58ca9000001b52f6e,multi_turn,2,roleply_first,ASST,4,4,4,5.0,5.0,4.0,1.0,1.0,0.0,5.0,5.0,5.0,6.0,6.0,6.0,6.0,5.0,6.0,6.0,7.0,7.0,5.0,6.0,6.0,6.0,6.5,5.75,6.125
fIzKo8jWMROSjXoFw9Dh3Loa0iz2,6266a599c7361af8b51a95e0,control,0,asst_first,ROLEPLY,4,4,5,3.0,4.0,5.0,-1.0,0.0,0.0,,,,,,,,,,,,,,,,,,,
fm7u4DGEsrWI4yQjwRE7x1XeaPu1,69b9795490edc6725cf4f5c8,multi_turn,2,roleply_first,ASST,2,3,2,6.0,4.0,3.0,4.0,1.0,1.0,1.0,1.0,1.0,2.0,1.0,1.0,3.0,4.0,2.0,1.0,1.0,1.0,1.0,1.0,1.0,7.0,1.25,2.5,1.875
fzUy9KkrbBhYCREXGTdiV4zbPyq1,66d5d931d3a66fa93bdfddb9,control,0,asst_first,ROLEPLY,5,5,5,5.0,5.0,5.0,0.0,0.0,0.0,,,,,,,,,,,,,,,,,,,
gXN4nuQcLVTKIqnC00ol7H5pCWv1,69c588bfea2f0214d7ceeb28,single_turn,1,roleply_first,ASST,5,5,4,5.0,1.0,3.0,0.0,-4.0,-1.0,5.0,4.0,3.0,3.0,3.0,3.0,3.0,,5.0,5.0,5.0,5.0,5.0,5.0,5.0,4.0,5.0,4.75,4.875
gaHna7UupEOBLPssIg5foo3A49y1,6995ebe917abe5d36a3b17e0,control,0,roleply_first,ASST,3,5,1,5.0,3.0,2.0,2.0,-2.0,1.0,,,,,,,,,,,,,,,,,,,
hDqHxHpQ1OfbVilDOfDwxIrmsWU2,5f6f44e9451a3b0836b5d32c,single_turn,1,roleply_first,ASST,5,5,2,3.0,3.0,2.0,-2.0,-2.0,0.0,6.0,6.0,6.0,5.0,4.0,5.0,6.0,,5.0,4.0,5.0,5.0,4.0,6.0,6.0,6.0,4.75,5.5,5.125
hc6CdwhQ5HajrSgp2yHO75wZlrD3,696161d82bacd411edb5ba43,single_turn,1,asst_first,ROLEPLY,5,4,4,7.0,5.0,2.0,2.0,1.0,-2.0,1.0,1.0,2.0,4.0,2.0,3.0,7.0,,1.0,3.0,1.0,1.0,1.0,1.0,4.0,2.0,1.5,2.0,1.75
hrpbyEvrFHccaLQ7DILLq07vq9Z2,5bcc60b95c2b810001dc68e2,single_turn,1,asst_first,ROLEPLY,6,6,5,5.0,4.0,4.0,-1.0,-2.0,-1.0,4.0,4.0,4.0,5.0,4.0,4.0,4.0,,5.0,6.0,6.0,6.0,5.0,7.0,6.0,7.0,5.75,6.25,6.0
iWqRWAX40nZXLHzGfBFJ0dFEUTs2,67ec7012f63d646fa7f33bbf,multi_turn,2,asst_first,ROLEPLY,4,4,4,4.0,4.0,4.0,0.0,0.0,0.0,5.0,5.0,4.0,4.0,4.0,4.0,5.0,5.0,6.0,6.0,6.0,6.0,5.0,6.0,5.0,5.0,6.0,5.25,5.625
io6GWCairLVBQsFe0CLrnGQwEml2,67be1d86f01089f6bc1677f1,multi_turn,2,asst_first,ROLEPLY,5,4,5,6.0,5.0,5.0,1.0,1.0,0.0,5.0,5.0,6.0,5.0,5.0,6.0,6.0,5.0,5.0,6.0,5.0,5.0,6.0,5.0,5.0,5.0,5.25,5.25,5.25
jmm0lVNAChf6Du1UMxsw5MoN2g13,678712caf70562b83286c6e3,control,0,asst_first,ROLEPLY,5,5,6,2.0,2.0,7.0,-3.0,-3.0,1.0,,,,,,,,,,,,,,,,,,,
lb9Ak7k9EqN5ykb88J8NxbyPcI02,697cfc324ea85aa42cfe2d1e,multi_turn,2,roleply_first,ASST,3,3,3,5.0,5.0,5.0,2.0,2.0,2.0,5.0,5.0,6.0,5.0,5.0,3.0,5.0,5.0,4.0,4.0,4.0,3.0,3.0,3.0,4.0,4.0,3.75,3.5,3.625
lf3R6lhdo6Yjb7CbLGFefhTTKwJ3,600db78b56935a5dd8c759b3,single_turn,1,asst_first,ROLEPLY,4,4,4,4.0,3.0,4.0,0.0,-1.0,0.0,4.0,5.0,5.0,5.0,5.0,5.0,5.0,,7.0,7.0,7.0,7.0,7.0,7.0,7.0,7.0,7.0,7.0,7.0
mKkfMHuchHTRL2iHyrnlCn6Wrvl2,69acb6badd90036a06cac01d,single_turn,1,asst_first,ROLEPLY,4,5,6,4.0,3.0,6.0,0.0,-2.0,0.0,6.0,5.0,7.0,7.0,6.0,4.0,5.0,,7.0,4.0,7.0,7.0,7.0,7.0,6.0,6.0,6.25,6.5,6.375
mmqBjHs2v2WocYSSsQekGYZ81LR2,6985e73e501c4df376a58abf,single_turn,1,roleply_first,ASST,4,4,4,6.0,5.0,5.0,2.0,1.0,1.0,6.0,6.0,5.0,5.0,6.0,4.0,6.0,,6.0,6.0,6.0,5.0,6.0,5.0,5.0,5.0,5.75,5.25,5.5
mr3jlPO5HTUJdjXXGGSV1kkmCP72,66d09e2f390b758fbe0f21b5,single_turn,1,asst_first,ROLEPLY,4,4,2,3.0,3.0,4.0,-1.0,-1.0,2.0,5.0,5.0,4.0,4.0,5.0,4.0,5.0,,5.0,5.0,6.0,5.0,6.0,6.0,6.0,5.0,5.25,5.75,5.5
o1bt5au7YBVhRNe4nYWB4QGZHci1,69b86e94de9c503e9a58411d,control,0,roleply_first,ASST,5,5,4,5.0,4.0,5.0,0.0,-1.0,1.0,,,,,,,,,,,,,,,,,,,
oEqjiRQmtmQp6Vll1UoBKcZCab23,69aafa2956b44dbc95d9a56e,multi_turn,2,roleply_first,ASST,4,4,2,5.0,2.0,2.0,1.0,-2.0,0.0,6.0,5.0,5.0,6.0,5.0,7.0,4.0,6.0,5.0,3.0,4.0,3.0,5.0,6.0,5.0,4.0,3.75,5.0,4.375
ozZ7JCJC7QObYvB1yGZ15LslF253,67a67d69cadaa10c63c83485,single_turn,1,roleply_first,ASST,7,7,6,6.0,4.0,5.0,-1.0,-3.0,-1.0,7.0,7.0,7.0,7.0,7.0,5.0,7.0,,7.0,7.0,7.0,7.0,7.0,7.0,5.0,4.0,7.0,5.75,6.375
pPsteqTn0hWSg14qRdNDK9jCkUz1,64e36d981d00e7d7c45addc2,multi_turn,2,asst_first,ROLEPLY,4,4,4,1.0,1.0,5.0,-3.0,-3.0,1.0,3.0,3.0,3.0,5.0,2.0,7.0,4.0,4.0,1.0,1.0,1.0,1.0,1.0,1.0,4.0,4.0,1.0,2.5,1.75
qOmuiDiBwnUyQSvRK55tvKsi0vS2,60fd588771ae861f9244f93d,control,0,roleply_first,ASST,3,3,4,5.0,5.0,5.0,2.0,2.0,1.0,,,,,,,,,,,,,,,,,,,
qSi1jLuy7sTmbLyrkumQvza2QCJ2,6743905b3105844d1c76e0b5,control,0,roleply_first,ASST,5,5,7,7.0,6.0,7.0,2.0,1.0,0.0,,,,,,,,,,,,,,,,,,,
qtFuqsgUOHZDWuIoYFHJEGGkSKj1,6942be29f8b07d8bb9582521,single_turn,1,asst_first,ROLEPLY,5,1,4,7.0,4.0,4.0,2.0,3.0,0.0,2.0,7.0,7.0,2.0,4.0,2.0,6.0,,3.0,4.0,3.0,3.0,3.0,3.0,4.0,4.0,3.25,3.5,3.375
rpQeEDwhNzPuN1RZopkLjjznnqC3,5f51529b15e36638fe535eae,single_turn,1,asst_first,ROLEPLY,5,6,5,6.0,4.0,5.0,1.0,-2.0,0.0,6.0,6.0,6.0,5.0,6.0,6.0,7.0,,5.0,6.0,6.0,6.0,5.0,5.0,6.0,6.0,5.75,5.5,5.625
rsC43d7VoPTNsTPBYmrRKf7X9x22,6978e5ac05aa99239ef85797,multi_turn,2,roleply_first,ASST,4,5,5,6.0,4.0,5.0,2.0,-1.0,0.0,6.0,5.0,6.0,6.0,6.0,5.0,6.0,6.0,6.0,5.0,5.0,4.0,6.0,6.0,6.0,6.0,5.0,6.0,5.5
s70Cprdtx2MUuDYNFGeMtazB21k1,69a3ba4a762017f1f57d60c6,single_turn,1,roleply_first,ASST,7,7,5,6.0,7.0,5.0,-1.0,0.0,0.0,6.0,6.0,6.0,5.0,6.0,4.0,6.0,,6.0,5.0,6.0,6.0,5.0,5.0,6.0,6.0,5.75,5.5,5.625
sn5LObU8koW8MiMOsBKo4w8ofDx1,6717caf5317ad8e02d9b3b38,control,0,roleply_first,ASST,6,7,7,6.0,1.0,7.0,0.0,-6.0,0.0,,,,,,,,,,,,,,,,,,,
so92Xah337SeoEcY2GwaXH3WL3L2,66d88375799e00b593a8655f,multi_turn,2,asst_first,ROLEPLY,5,2,5,3.0,4.0,6.0,-2.0,2.0,1.0,6.0,5.0,6.0,5.0,6.0,7.0,6.0,6.0,5.0,4.0,7.0,5.0,7.0,7.0,7.0,5.0,5.25,6.5,5.875
syiVXJDdY1RF4WUkeenX5Do8yKF3,60ac66a8e1bf5a1c51fa864c,control,0,roleply_first,ASST,3,4,7,5.0,6.0,6.0,2.0,2.0,-1.0,,,,,,,,,,,,,,,,,,,
tTlUQ6AT6VeGOyUcAWg3kMeIplt2,66c0f464e0ff62798027b486,single_turn,1,roleply_first,ASST,4,5,4,5.0,4.0,5.0,1.0,-1.0,1.0,6.0,5.0,5.0,4.0,6.0,4.0,6.0,,5.0,6.0,5.0,6.0,4.0,5.0,6.0,6.0,5.5,5.25,5.375
u16X5zD5quh38e25EDUb2iKvJUq2,60bff9298f56d55c8ecd9adf,single_turn,1,asst_first,ROLEPLY,3,3,2,3.0,3.0,2.0,0.0,0.0,0.0,2.0,2.0,2.0,1.0,1.0,1.0,2.0,,5.0,3.0,4.0,3.0,4.0,5.0,6.0,6.0,3.75,5.25,4.5
u1xJz5yWwzb6fcqAPmWLbYv8AI13,69a6f5f930a06e13c4593d9d,single_turn,1,roleply_first,ASST,4,5,5,5.0,4.0,4.0,1.0,-1.0,-1.0,5.0,5.0,4.0,5.0,5.0,4.0,6.0,,5.0,4.0,4.0,4.0,5.0,5.0,6.0,6.0,4.25,5.5,4.875
uOKbk6SMdWN9Je71criorWQnIj82,697ac05f1a7d1249998af442,control,0,roleply_first,ASST,6,6,5,6.0,3.0,6.0,0.0,-3.0,1.0,,,,,,,,,,,,,,,,,,,
v9z15SNZwlhgpA3Ea06vZSSQFyv1,67bd6c87f503d16fdf672aad,control,0,roleply_first,ASST,5,5,4,6.0,6.0,6.0,1.0,1.0,2.0,,,,,,,,,,,,,,,,,,,
w99Mgqv0XvVdlJ2Fty79Mp5hoJy1,698e28e82c9b4a91e85701dd,multi_turn,2,roleply_first,ASST,6,6,5,5.0,6.0,5.0,-1.0,0.0,0.0,5.0,5.0,5.0,5.0,6.0,6.0,7.0,7.0,6.0,6.0,5.0,4.0,6.0,6.0,6.0,5.0,5.25,5.75,5.5
wPndQyJQrTck7pCNAjmzNdhwdaB3,63d29a1e50cf0f82998d2564,control,0,asst_first,ROLEPLY,6,6,1,7.0,7.0,1.0,1.0,1.0,0.0,,,,,,,,,,,,,,,,,,,
wRktk6lmE2ewprJ2fXvlT6imWKM2,6234866ad5f13fac2a5cf725,single_turn,1,asst_first,ROLEPLY,4,3,4,3.0,2.0,6.0,-1.0,-1.0,2.0,5.0,4.0,5.0,5.0,5.0,4.0,5.0,,6.0,6.0,6.0,6.0,6.0,7.0,7.0,5.0,6.0,6.25,6.125
wVCx2VOXinPTuTy5lVTZW4gk6ah2,67ad581c7825ebbd7a5365e0,single_turn,1,roleply_first,ASST,6,6,4,5.0,2.0,4.0,-1.0,-4.0,0.0,5.0,5.0,4.0,4.0,4.0,2.0,3.0,,6.0,6.0,6.0,6.0,4.0,5.0,6.0,6.0,6.0,5.25,5.625
weZqFV0AANgH51Gzpausdv1cWhr1,60257702487c590d441d8c67,multi_turn,2,roleply_first,ASST,1,1,1,1.0,6.0,1.0,0.0,5.0,0.0,1.0,1.0,1.0,1.0,1.0,1.0,1.0,1.0,1.0,1.0,1.0,1.0,1.0,1.0,1.0,1.0,1.0,1.0,1.0
wwUaClmQuwPABvIKFdCrDEhJhnm1,5d9b7c7efaa2860364b16476,control,0,asst_first,ROLEPLY,6,3,5,6.0,5.0,5.0,0.0,2.0,0.0,,,,,,,,,,,,,,,,,,,
yvXpm6nueNUQszPNQ7luL6AZrVq1,6998959c68928b0ed3e02d49,single_turn,1,roleply_first,ASST,5,4,1,5.0,4.0,1.0,0.0,0.0,0.0,4.0,6.0,5.0,5.0,4.0,3.0,4.0,,6.0,6.0,5.0,6.0,4.0,4.0,4.0,4.0,5.75,4.0,4.875
zL3Redz80hR3hQXGVpQdPCgdyiA2,69b60019e11a4a19a65458d1,multi_turn,2,roleply_first,ASST,2,2,3,5.0,2.0,3.0,3.0,0.0,0.0,7.0,7.0,5.0,1.0,5.0,6.0,1.0,6.0,6.0,1.0,5.0,1.0,7.0,7.0,7.0,7.0,3.25,7.0,5.125
